candidate_idx	isc_score	participant_ids
0	0.3001152099	sub-CN001,sub-CN002,sub-CN003,sub-CN004,sub-CN005,sub-CN006,sub-CN007,sub-CN008,sub-CN010,sub-CN011,sub-CN013,sub-CN014,sub-CN015,sub-CN016,sub-CN017,sub-CN018,sub-CN019,sub-CN020,sub-CN021,sub-CN026,sub-CN028,sub-CN030,sub-CN031,sub-CN032,sub-CN033,sub-CN034,sub-CN036,sub-CN037
1	0.2850204458	sub-CN002,sub-CN003,sub-CN005,sub-CN006,sub-CN007,sub-CN008,sub-CN009,sub-CN010,sub-CN011,sub-CN015,sub-CN017,sub-CN018,sub-CN019,sub-CN021,sub-CN023,sub-CN024,sub-CN025,sub-CN026,sub-CN027,sub-CN028,sub-CN029,sub-CN030,sub-CN031,sub-CN032,sub-CN033,sub-CN034,sub-CN036,sub-CN037
2	0.2992668283	sub-CN001,sub-CN003,sub-CN004,sub-CN005,sub-CN008,sub-CN009,sub-CN010,sub-CN011,sub-CN013,sub-CN014,sub-CN015,sub-CN016,sub-CN017,sub-CN018,sub-CN020,sub-CN021,sub-CN022,sub-CN023,sub-CN024,sub-CN025,sub-CN026,sub-CN027,sub-CN029,sub-CN031,sub-CN032,sub-CN034,sub-CN036,sub-CN037
3	0.3090048707	sub-CN002,sub-CN003,sub-CN004,sub-CN006,sub-CN007,sub-CN008,sub-CN009,sub-CN010,sub-CN011,sub-CN013,sub-CN014,sub-CN016,sub-CN017,sub-CN018,sub-CN019,sub-CN020,sub-CN021,sub-CN022,sub-CN023,sub-CN024,sub-CN025,sub-CN026,sub-CN029,sub-CN030,sub-CN031,sub-CN033,sub-CN034,sub-CN037
4	0.3099751063	sub-CN001,sub-CN002,sub-CN003,sub-CN004,sub-CN005,sub-CN007,sub-CN009,sub-CN010,sub-CN011,sub-CN013,sub-CN014,sub-CN015,sub-CN016,sub-CN017,sub-CN018,sub-CN020,sub-CN021,sub-CN022,sub-CN023,sub-CN024,sub-CN025,sub-CN027,sub-CN028,sub-CN030,sub-CN031,sub-CN032,sub-CN033,sub-CN037
5	0.2850052570	sub-CN004,sub-CN005,sub-CN006,sub-CN007,sub-CN008,sub-CN009,sub-CN010,sub-CN011,sub-CN013,sub-CN015,sub-CN017,sub-CN018,sub-CN019,sub-CN021,sub-CN022,sub-CN023,sub-CN024,sub-CN025,sub-CN026,sub-CN027,sub-CN028,sub-CN029,sub-CN030,sub-CN032,sub-CN033,sub-CN034,sub-CN036,sub-CN037
6	0.2985528465	sub-CN001,sub-CN002,sub-CN003,sub-CN004,sub-CN006,sub-CN007,sub-CN008,sub-CN009,sub-CN010,sub-CN011,sub-CN014,sub-CN015,sub-CN016,sub-CN017,sub-CN018,sub-CN019,sub-CN021,sub-CN022,sub-CN023,sub-CN024,sub-CN026,sub-CN027,sub-CN029,sub-CN031,sub-CN032,sub-CN034,sub-CN036,sub-CN037
7	0.2970841860	sub-CN001,sub-CN002,sub-CN003,sub-CN005,sub-CN006,sub-CN007,sub-CN008,sub-CN010,sub-CN011,sub-CN013,sub-CN014,sub-CN016,sub-CN017,sub-CN018,sub-CN019,sub-CN022,sub-CN023,sub-CN024,sub-CN026,sub-CN028,sub-CN029,sub-CN030,sub-CN031,sub-CN032,sub-CN033,sub-CN034,sub-CN036,sub-CN037
8	0.3093872959	sub-CN001,sub-CN003,sub-CN004,sub-CN006,sub-CN007,sub-CN008,sub-CN009,sub-CN010,sub-CN011,sub-CN014,sub-CN015,sub-CN016,sub-CN017,sub-CN018,sub-CN019,sub-CN020,sub-CN021,sub-CN022,sub-CN024,sub-CN025,sub-CN026,sub-CN029,sub-CN030,sub-CN031,sub-CN032,sub-CN033,sub-CN034,sub-CN036
9	0.3128933666	sub-CN001,sub-CN003,sub-CN005,sub-CN006,sub-CN007,sub-CN008,sub-CN010,sub-CN011,sub-CN013,sub-CN014,sub-CN015,sub-CN016,sub-CN017,sub-CN018,sub-CN020,sub-CN021,sub-CN022,sub-CN023,sub-CN025,sub-CN026,sub-CN027,sub-CN028,sub-CN030,sub-CN031,sub-CN032,sub-CN033,sub-CN034,sub-CN036
10	0.3008926924	sub-CN002,sub-CN003,sub-CN004,sub-CN006,sub-CN007,sub-CN008,sub-CN009,sub-CN010,sub-CN013,sub-CN014,sub-CN015,sub-CN017,sub-CN018,sub-CN019,sub-CN020,sub-CN021,sub-CN023,sub-CN024,sub-CN025,sub-CN026,sub-CN028,sub-CN029,sub-CN030,sub-CN031,sub-CN033,sub-CN034,sub-CN036,sub-CN037
11	0.3155602392	sub-CN001,sub-CN003,sub-CN004,sub-CN006,sub-CN007,sub-CN009,sub-CN010,sub-CN013,sub-CN014,sub-CN015,sub-CN016,sub-CN017,sub-CN018,sub-CN019,sub-CN021,sub-CN022,sub-CN023,sub-CN024,sub-CN025,sub-CN026,sub-CN027,sub-CN028,sub-CN029,sub-CN030,sub-CN031,sub-CN032,sub-CN033,sub-CN036
12	0.2869440647	sub-CN001,sub-CN003,sub-CN004,sub-CN005,sub-CN006,sub-CN007,sub-CN008,sub-CN009,sub-CN010,sub-CN011,sub-CN013,sub-CN015,sub-CN017,sub-CN019,sub-CN020,sub-CN023,sub-CN024,sub-CN025,sub-CN027,sub-CN028,sub-CN029,sub-CN030,sub-CN031,sub-CN032,sub-CN033,sub-CN034,sub-CN036,sub-CN037
13	0.3194960122	sub-CN001,sub-CN002,sub-CN003,sub-CN005,sub-CN006,sub-CN007,sub-CN009,sub-CN010,sub-CN013,sub-CN014,sub-CN015,sub-CN016,sub-CN017,sub-CN018,sub-CN019,sub-CN020,sub-CN021,sub-CN022,sub-CN023,sub-CN024,sub-CN025,sub-CN027,sub-CN028,sub-CN030,sub-CN032,sub-CN033,sub-CN034,sub-CN037
14	0.3039815677	sub-CN001,sub-CN002,sub-CN003,sub-CN004,sub-CN006,sub-CN007,sub-CN008,sub-CN009,sub-CN010,sub-CN011,sub-CN013,sub-CN014,sub-CN015,sub-CN018,sub-CN020,sub-CN021,sub-CN022,sub-CN023,sub-CN024,sub-CN025,sub-CN026,sub-CN027,sub-CN028,sub-CN029,sub-CN031,sub-CN032,sub-CN033,sub-CN037
15	0.3072831445	sub-CN001,sub-CN002,sub-CN004,sub-CN005,sub-CN006,sub-CN007,sub-CN010,sub-CN011,sub-CN013,sub-CN014,sub-CN016,sub-CN017,sub-CN018,sub-CN019,sub-CN020,sub-CN021,sub-CN022,sub-CN023,sub-CN024,sub-CN025,sub-CN028,sub-CN029,sub-CN030,sub-CN031,sub-CN033,sub-CN034,sub-CN036,sub-CN037
16	0.3001980953	sub-CN001,sub-CN004,sub-CN005,sub-CN006,sub-CN007,sub-CN008,sub-CN010,sub-CN011,sub-CN013,sub-CN014,sub-CN015,sub-CN016,sub-CN018,sub-CN020,sub-CN021,sub-CN022,sub-CN023,sub-CN024,sub-CN025,sub-CN027,sub-CN028,sub-CN029,sub-CN031,sub-CN032,sub-CN033,sub-CN034,sub-CN036,sub-CN037
17	0.3072350012	sub-CN001,sub-CN002,sub-CN003,sub-CN004,sub-CN005,sub-CN007,sub-CN008,sub-CN009,sub-CN010,sub-CN011,sub-CN013,sub-CN014,sub-CN015,sub-CN017,sub-CN018,sub-CN019,sub-CN020,sub-CN022,sub-CN023,sub-CN024,sub-CN025,sub-CN026,sub-CN029,sub-CN030,sub-CN031,sub-CN033,sub-CN034,sub-CN036
18	0.2925049878	sub-CN001,sub-CN002,sub-CN003,sub-CN004,sub-CN005,sub-CN006,sub-CN007,sub-CN008,sub-CN009,sub-CN011,sub-CN013,sub-CN014,sub-CN015,sub-CN018,sub-CN019,sub-CN020,sub-CN021,sub-CN022,sub-CN024,sub-CN025,sub-CN026,sub-CN027,sub-CN028,sub-CN029,sub-CN033,sub-CN034,sub-CN036,sub-CN037
19	0.2982081049	sub-CN001,sub-CN002,sub-CN004,sub-CN005,sub-CN006,sub-CN007,sub-CN008,sub-CN009,sub-CN010,sub-CN013,sub-CN014,sub-CN015,sub-CN016,sub-CN017,sub-CN018,sub-CN021,sub-CN022,sub-CN023,sub-CN024,sub-CN025,sub-CN026,sub-CN028,sub-CN029,sub-CN031,sub-CN032,sub-CN034,sub-CN036,sub-CN037
20	0.2933355757	sub-CN001,sub-CN003,sub-CN004,sub-CN005,sub-CN006,sub-CN007,sub-CN008,sub-CN009,sub-CN011,sub-CN013,sub-CN014,sub-CN016,sub-CN017,sub-CN018,sub-CN019,sub-CN020,sub-CN021,sub-CN022,sub-CN023,sub-CN024,sub-CN025,sub-CN026,sub-CN027,sub-CN028,sub-CN029,sub-CN030,sub-CN036,sub-CN037
21	0.2953963685	sub-CN003,sub-CN004,sub-CN005,sub-CN006,sub-CN007,sub-CN008,sub-CN009,sub-CN010,sub-CN013,sub-CN014,sub-CN015,sub-CN016,sub-CN017,sub-CN018,sub-CN019,sub-CN020,sub-CN022,sub-CN023,sub-CN026,sub-CN027,sub-CN028,sub-CN029,sub-CN030,sub-CN032,sub-CN033,sub-CN034,sub-CN036,sub-CN037
22	0.3007958835	sub-CN003,sub-CN004,sub-CN005,sub-CN006,sub-CN007,sub-CN008,sub-CN009,sub-CN011,sub-CN015,sub-CN016,sub-CN017,sub-CN018,sub-CN019,sub-CN020,sub-CN021,sub-CN022,sub-CN023,sub-CN024,sub-CN025,sub-CN026,sub-CN027,sub-CN029,sub-CN030,sub-CN031,sub-CN032,sub-CN033,sub-CN034,sub-CN037
23	0.3034932613	sub-CN001,sub-CN003,sub-CN006,sub-CN007,sub-CN008,sub-CN009,sub-CN010,sub-CN011,sub-CN013,sub-CN014,sub-CN015,sub-CN016,sub-CN017,sub-CN019,sub-CN020,sub-CN021,sub-CN022,sub-CN023,sub-CN024,sub-CN025,sub-CN026,sub-CN028,sub-CN029,sub-CN030,sub-CN031,sub-CN032,sub-CN034,sub-CN036
24	0.2956752984	sub-CN001,sub-CN004,sub-CN005,sub-CN006,sub-CN007,sub-CN008,sub-CN009,sub-CN010,sub-CN011,sub-CN013,sub-CN016,sub-CN017,sub-CN018,sub-CN019,sub-CN020,sub-CN021,sub-CN022,sub-CN023,sub-CN024,sub-CN025,sub-CN026,sub-CN027,sub-CN028,sub-CN030,sub-CN031,sub-CN034,sub-CN036,sub-CN037
25	0.2793277113	sub-CN004,sub-CN005,sub-CN007,sub-CN008,sub-CN009,sub-CN010,sub-CN011,sub-CN013,sub-CN015,sub-CN016,sub-CN017,sub-CN018,sub-CN019,sub-CN020,sub-CN023,sub-CN024,sub-CN025,sub-CN026,sub-CN027,sub-CN028,sub-CN029,sub-CN030,sub-CN031,sub-CN032,sub-CN033,sub-CN034,sub-CN036,sub-CN037
26	0.2932231581	sub-CN001,sub-CN003,sub-CN004,sub-CN006,sub-CN007,sub-CN008,sub-CN009,sub-CN010,sub-CN011,sub-CN013,sub-CN015,sub-CN016,sub-CN018,sub-CN020,sub-CN021,sub-CN022,sub-CN024,sub-CN025,sub-CN026,sub-CN028,sub-CN029,sub-CN030,sub-CN031,sub-CN032,sub-CN033,sub-CN034,sub-CN036,sub-CN037
27	0.3005518839	sub-CN003,sub-CN004,sub-CN005,sub-CN006,sub-CN008,sub-CN009,sub-CN010,sub-CN011,sub-CN013,sub-CN014,sub-CN015,sub-CN016,sub-CN017,sub-CN018,sub-CN019,sub-CN020,sub-CN021,sub-CN022,sub-CN023,sub-CN024,sub-CN025,sub-CN026,sub-CN027,sub-CN028,sub-CN029,sub-CN031,sub-CN032,sub-CN036
28	0.2976847826	sub-CN001,sub-CN002,sub-CN003,sub-CN005,sub-CN006,sub-CN009,sub-CN010,sub-CN011,sub-CN013,sub-CN015,sub-CN016,sub-CN019,sub-CN020,sub-CN021,sub-CN022,sub-CN023,sub-CN024,sub-CN025,sub-CN027,sub-CN028,sub-CN029,sub-CN030,sub-CN031,sub-CN032,sub-CN033,sub-CN034,sub-CN036,sub-CN037
29	0.2903919511	sub-CN001,sub-CN002,sub-CN003,sub-CN004,sub-CN005,sub-CN006,sub-CN008,sub-CN009,sub-CN010,sub-CN011,sub-CN013,sub-CN014,sub-CN015,sub-CN016,sub-CN018,sub-CN020,sub-CN021,sub-CN022,sub-CN023,sub-CN024,sub-CN026,sub-CN028,sub-CN030,sub-CN032,sub-CN033,sub-CN034,sub-CN036,sub-CN037
30	0.3180187387	sub-CN001,sub-CN002,sub-CN003,sub-CN004,sub-CN005,sub-CN007,sub-CN008,sub-CN010,sub-CN011,sub-CN013,sub-CN014,sub-CN015,sub-CN016,sub-CN017,sub-CN018,sub-CN019,sub-CN020,sub-CN022,sub-CN023,sub-CN024,sub-CN025,sub-CN026,sub-CN027,sub-CN028,sub-CN029,sub-CN031,sub-CN033,sub-CN034
31	0.2957632641	sub-CN001,sub-CN002,sub-CN003,sub-CN005,sub-CN007,sub-CN008,sub-CN009,sub-CN010,sub-CN015,sub-CN016,sub-CN018,sub-CN019,sub-CN020,sub-CN021,sub-CN022,sub-CN023,sub-CN024,sub-CN026,sub-CN027,sub-CN028,sub-CN029,sub-CN030,sub-CN031,sub-CN032,sub-CN033,sub-CN034,sub-CN036,sub-CN037
32	0.2998042180	sub-CN001,sub-CN002,sub-CN004,sub-CN005,sub-CN008,sub-CN009,sub-CN010,sub-CN013,sub-CN014,sub-CN016,sub-CN017,sub-CN019,sub-CN020,sub-CN021,sub-CN022,sub-CN024,sub-CN025,sub-CN026,sub-CN027,sub-CN028,sub-CN029,sub-CN030,sub-CN031,sub-CN032,sub-CN033,sub-CN034,sub-CN036,sub-CN037
33	0.2872864821	sub-CN002,sub-CN004,sub-CN005,sub-CN006,sub-CN007,sub-CN008,sub-CN009,sub-CN010,sub-CN011,sub-CN013,sub-CN014,sub-CN015,sub-CN017,sub-CN018,sub-CN019,sub-CN020,sub-CN021,sub-CN023,sub-CN024,sub-CN025,sub-CN027,sub-CN028,sub-CN029,sub-CN030,sub-CN031,sub-CN033,sub-CN036,sub-CN037
34	0.2886664798	sub-CN001,sub-CN002,sub-CN003,sub-CN004,sub-CN005,sub-CN006,sub-CN007,sub-CN008,sub-CN009,sub-CN011,sub-CN013,sub-CN014,sub-CN015,sub-CN016,sub-CN017,sub-CN018,sub-CN019,sub-CN020,sub-CN023,sub-CN024,sub-CN026,sub-CN027,sub-CN028,sub-CN029,sub-CN030,sub-CN031,sub-CN032,sub-CN037
35	0.3055299794	sub-CN001,sub-CN004,sub-CN005,sub-CN006,sub-CN007,sub-CN008,sub-CN009,sub-CN010,sub-CN013,sub-CN014,sub-CN015,sub-CN018,sub-CN019,sub-CN020,sub-CN021,sub-CN023,sub-CN024,sub-CN025,sub-CN026,sub-CN027,sub-CN028,sub-CN029,sub-CN030,sub-CN031,sub-CN032,sub-CN033,sub-CN034,sub-CN036
36	0.2894421969	sub-CN001,sub-CN002,sub-CN003,sub-CN004,sub-CN006,sub-CN007,sub-CN008,sub-CN009,sub-CN011,sub-CN013,sub-CN015,sub-CN016,sub-CN018,sub-CN019,sub-CN021,sub-CN022,sub-CN023,sub-CN024,sub-CN025,sub-CN027,sub-CN028,sub-CN030,sub-CN031,sub-CN032,sub-CN033,sub-CN034,sub-CN036,sub-CN037
37	0.2960503865	sub-CN001,sub-CN003,sub-CN004,sub-CN005,sub-CN006,sub-CN007,sub-CN009,sub-CN010,sub-CN011,sub-CN014,sub-CN016,sub-CN017,sub-CN018,sub-CN019,sub-CN022,sub-CN023,sub-CN024,sub-CN025,sub-CN026,sub-CN027,sub-CN028,sub-CN029,sub-CN030,sub-CN031,sub-CN032,sub-CN033,sub-CN036,sub-CN037
38	0.2971891608	sub-CN001,sub-CN002,sub-CN003,sub-CN004,sub-CN005,sub-CN007,sub-CN009,sub-CN010,sub-CN011,sub-CN013,sub-CN014,sub-CN015,sub-CN016,sub-CN017,sub-CN018,sub-CN019,sub-CN020,sub-CN021,sub-CN025,sub-CN027,sub-CN028,sub-CN029,sub-CN030,sub-CN031,sub-CN032,sub-CN034,sub-CN036,sub-CN037
39	0.2919705625	sub-CN001,sub-CN002,sub-CN003,sub-CN004,sub-CN009,sub-CN010,sub-CN011,sub-CN013,sub-CN014,sub-CN015,sub-CN017,sub-CN018,sub-CN019,sub-CN020,sub-CN023,sub-CN024,sub-CN025,sub-CN026,sub-CN027,sub-CN028,sub-CN029,sub-CN030,sub-CN031,sub-CN032,sub-CN033,sub-CN034,sub-CN036,sub-CN037
40	0.2977395742	sub-CN001,sub-CN002,sub-CN003,sub-CN004,sub-CN005,sub-CN006,sub-CN007,sub-CN008,sub-CN010,sub-CN011,sub-CN013,sub-CN014,sub-CN015,sub-CN020,sub-CN021,sub-CN023,sub-CN024,sub-CN025,sub-CN026,sub-CN027,sub-CN028,sub-CN029,sub-CN031,sub-CN032,sub-CN033,sub-CN034,sub-CN036,sub-CN037
41	0.2966332654	sub-CN001,sub-CN002,sub-CN003,sub-CN004,sub-CN005,sub-CN006,sub-CN007,sub-CN010,sub-CN011,sub-CN015,sub-CN016,sub-CN018,sub-CN019,sub-CN020,sub-CN022,sub-CN023,sub-CN024,sub-CN025,sub-CN026,sub-CN027,sub-CN028,sub-CN029,sub-CN030,sub-CN031,sub-CN032,sub-CN034,sub-CN036,sub-CN037
42	0.3021624113	sub-CN001,sub-CN002,sub-CN003,sub-CN004,sub-CN005,sub-CN006,sub-CN008,sub-CN009,sub-CN010,sub-CN011,sub-CN013,sub-CN014,sub-CN015,sub-CN016,sub-CN017,sub-CN018,sub-CN020,sub-CN022,sub-CN023,sub-CN024,sub-CN025,sub-CN027,sub-CN029,sub-CN030,sub-CN031,sub-CN033,sub-CN036,sub-CN037
43	0.3005989239	sub-CN001,sub-CN003,sub-CN005,sub-CN006,sub-CN007,sub-CN008,sub-CN009,sub-CN010,sub-CN013,sub-CN014,sub-CN016,sub-CN017,sub-CN018,sub-CN019,sub-CN020,sub-CN022,sub-CN023,sub-CN025,sub-CN026,sub-CN027,sub-CN028,sub-CN029,sub-CN031,sub-CN032,sub-CN033,sub-CN034,sub-CN036,sub-CN037
44	0.3066605781	sub-CN001,sub-CN003,sub-CN004,sub-CN005,sub-CN006,sub-CN007,sub-CN009,sub-CN010,sub-CN011,sub-CN013,sub-CN014,sub-CN015,sub-CN017,sub-CN018,sub-CN021,sub-CN022,sub-CN023,sub-CN024,sub-CN025,sub-CN026,sub-CN027,sub-CN028,sub-CN029,sub-CN031,sub-CN032,sub-CN033,sub-CN034,sub-CN036
45	0.2945200017	sub-CN001,sub-CN002,sub-CN003,sub-CN004,sub-CN005,sub-CN006,sub-CN007,sub-CN008,sub-CN011,sub-CN013,sub-CN014,sub-CN017,sub-CN018,sub-CN019,sub-CN020,sub-CN023,sub-CN025,sub-CN026,sub-CN027,sub-CN028,sub-CN029,sub-CN030,sub-CN031,sub-CN032,sub-CN033,sub-CN034,sub-CN036,sub-CN037
46	0.3092233475	sub-CN001,sub-CN002,sub-CN003,sub-CN004,sub-CN005,sub-CN007,sub-CN008,sub-CN010,sub-CN013,sub-CN014,sub-CN015,sub-CN016,sub-CN017,sub-CN018,sub-CN019,sub-CN020,sub-CN022,sub-CN023,sub-CN025,sub-CN026,sub-CN027,sub-CN028,sub-CN029,sub-CN030,sub-CN031,sub-CN032,sub-CN036,sub-CN037
47	0.2982330623	sub-CN003,sub-CN004,sub-CN005,sub-CN006,sub-CN007,sub-CN008,sub-CN009,sub-CN010,sub-CN011,sub-CN013,sub-CN015,sub-CN016,sub-CN017,sub-CN018,sub-CN020,sub-CN021,sub-CN022,sub-CN023,sub-CN024,sub-CN025,sub-CN027,sub-CN028,sub-CN029,sub-CN030,sub-CN032,sub-CN033,sub-CN034,sub-CN036
48	0.2881538273	sub-CN001,sub-CN002,sub-CN003,sub-CN004,sub-CN005,sub-CN006,sub-CN007,sub-CN008,sub-CN009,sub-CN011,sub-CN013,sub-CN014,sub-CN015,sub-CN017,sub-CN018,sub-CN019,sub-CN021,sub-CN022,sub-CN024,sub-CN025,sub-CN026,sub-CN028,sub-CN029,sub-CN031,sub-CN032,sub-CN034,sub-CN036,sub-CN037
49	0.3013111990	sub-CN001,sub-CN002,sub-CN004,sub-CN005,sub-CN006,sub-CN007,sub-CN008,sub-CN009,sub-CN010,sub-CN011,sub-CN014,sub-CN015,sub-CN016,sub-CN017,sub-CN018,sub-CN019,sub-CN020,sub-CN021,sub-CN022,sub-CN023,sub-CN024,sub-CN025,sub-CN027,sub-CN028,sub-CN029,sub-CN032,sub-CN033,sub-CN036
